<?xml version="1.0" ?>
<LOG_ROOT>
	<PROJECT NAME="TopDE">
		<CBX_INST_ENTRY INSTANCE_NAME="|TopDE|MIPS:Processor|ula_fp:FPALUUnit|add_sub:sub1|add_sub_altfp_add_sub_9vm:add_sub_altfp_add_sub_9vm_component|lpm_add_sub:man_2comp_res_upper1" CBX_FILE_NAME="add_sub_7vi.tdf"/>
		<CBX_INST_ENTRY INSTANCE_NAME="|TopDE|MIPS:Processor|ula_fp:FPALUUnit|c_le_s:c_le1|c_le_s_altfp_compare_r6b:c_le_s_altfp_compare_r6b_component|lpm_compare:cmpr2" CBX_FILE_NAME="cmpr_nrg.tdf"/>
		<CBX_INST_ENTRY INSTANCE_NAME="|TopDE|MIPS:Processor|ula_fp:FPALUUnit|sqrt_s:sqrt1|sqrt_s_altfp_sqrt_ece:sqrt_s_altfp_sqrt_ece_component|altshift_taps:infinity_ff0_rtl_0" CBX_FILE_NAME="shift_taps_pkp.tdf"/>
		<CBX_INST_ENTRY INSTANCE_NAME="|TopDE|MIPS:Processor|ula_fp:FPALUUnit|sqrt_s:sqrt1|sqrt_s_altfp_sqrt_ece:sqrt_s_altfp_sqrt_ece_component|sqrt_s_alt_sqrt_block_kfb:alt_sqrt_block2|lpm_add_sub:add_sub20" CBX_FILE_NAME="add_sub_qid.tdf"/>
		<CBX_INST_ENTRY INSTANCE_NAME="|TopDE|MIPS:Processor|Memory:MemRAM|UserDataBlock:UDataMem|altsyncram:altsyncram_component" CBX_FILE_NAME="altsyncram_o8l1.tdf"/>
		<CBX_INST_ENTRY INSTANCE_NAME="|TopDE|MIPS:Processor|ula_fp:FPALUUnit|add_sub:add1|add_sub_altfp_add_sub_9vm:add_sub_altfp_add_sub_9vm_component|lpm_add_sub:man_res_rounding_add_sub_lower" CBX_FILE_NAME="add_sub_taf.tdf"/>
		<CBX_INST_ENTRY INSTANCE_NAME="|TopDE|MIPS:Processor|ula_fp:FPALUUnit|c_le_s:c_le1|c_le_s_altfp_compare_r6b:c_le_s_altfp_compare_r6b_component|lpm_compare:cmpr3" CBX_FILE_NAME="cmpr_nrg.tdf"/>
		<CBX_INST_ENTRY INSTANCE_NAME="|TopDE|MIPS:Processor|ula_fp:FPALUUnit|sqrt_s:sqrt1|sqrt_s_altfp_sqrt_ece:sqrt_s_altfp_sqrt_ece_component|sqrt_s_alt_sqrt_block_kfb:alt_sqrt_block2|lpm_add_sub:add_sub21" CBX_FILE_NAME="add_sub_rid.tdf"/>
		<CBX_INST_ENTRY INSTANCE_NAME="|TopDE|MIPS:Processor|ula_fp:FPALUUnit|add_sub:sub1|add_sub_altfp_add_sub_9vm:add_sub_altfp_add_sub_9vm_component|lpm_add_sub:add_sub1" CBX_FILE_NAME="add_sub_ore.tdf"/>
		<CBX_INST_ENTRY INSTANCE_NAME="|TopDE|MIPS:Processor|ula_fp:FPALUUnit|c_le_s:c_le1|c_le_s_altfp_compare_r6b:c_le_s_altfp_compare_r6b_component|lpm_compare:cmpr4" CBX_FILE_NAME="cmpr_mrg.tdf"/>
		<CBX_INST_ENTRY INSTANCE_NAME="|TopDE|MIPS:Processor|ula_fp:FPALUUnit|mul_s:mul1|mul_s_altfp_mult_64m:mul_s_altfp_mult_64m_component|lpm_mult:man_product2_mult" CBX_FILE_NAME="mult_jfs.tdf"/>
		<CBX_INST_ENTRY INSTANCE_NAME="|TopDE|MIPS:Processor|ula_fp:FPALUUnit|sqrt_s:sqrt1|sqrt_s_altfp_sqrt_ece:sqrt_s_altfp_sqrt_ece_component|sqrt_s_alt_sqrt_block_kfb:alt_sqrt_block2|lpm_add_sub:add_sub22" CBX_FILE_NAME="add_sub_sid.tdf"/>
		<CBX_INST_ENTRY INSTANCE_NAME="|TopDE|MIPS:Processor|ALU:ALU0|lpm_mult:Mult0" CBX_FILE_NAME="mult_i1t.tdf"/>
		<CBX_INST_ENTRY INSTANCE_NAME="|TopDE|MIPS:Processor|ula_fp:FPALUUnit|add_sub:sub1|add_sub_altfp_add_sub_9vm:add_sub_altfp_add_sub_9vm_component|lpm_add_sub:add_sub2" CBX_FILE_NAME="add_sub_ore.tdf"/>
		<CBX_INST_ENTRY INSTANCE_NAME="|TopDE|MIPS:Processor|ula_fp:FPALUUnit|sqrt_s:sqrt1|sqrt_s_altfp_sqrt_ece:sqrt_s_altfp_sqrt_ece_component|sqrt_s_alt_sqrt_block_kfb:alt_sqrt_block2|lpm_add_sub:add_sub23" CBX_FILE_NAME="add_sub_tid.tdf"/>
		<CBX_INST_ENTRY INSTANCE_NAME="|TopDE|MIPS:Processor|ALU:ALU0|lpm_divide:Mod0" CBX_FILE_NAME="lpm_divide_qlo.tdf"/>
		<CBX_INST_ENTRY INSTANCE_NAME="|TopDE|MIPS:Processor|ALU:ALU0|lpm_mult:Mult1" CBX_FILE_NAME="mult_l8t.tdf"/>
		<CBX_INST_ENTRY INSTANCE_NAME="|TopDE|MIPS:Processor|ula_fp:FPALUUnit|add_sub:sub1|add_sub_altfp_add_sub_9vm:add_sub_altfp_add_sub_9vm_component|lpm_add_sub:add_sub3" CBX_FILE_NAME="add_sub_lre.tdf"/>
		<CBX_INST_ENTRY INSTANCE_NAME="|TopDE|MIPS:Processor|ula_fp:FPALUUnit|sqrt_s:sqrt1|sqrt_s_altfp_sqrt_ece:sqrt_s_altfp_sqrt_ece_component|sqrt_s_alt_sqrt_block_kfb:alt_sqrt_block2|lpm_add_sub:add_sub24" CBX_FILE_NAME="add_sub_uid.tdf"/>
		<CBX_INST_ENTRY INSTANCE_NAME="|TopDE|MIPS:Processor|ALU:ALU0|lpm_divide:Mod1" CBX_FILE_NAME="lpm_divide_28m.tdf"/>
		<CBX_INST_ENTRY INSTANCE_NAME="|TopDE|MIPS:Processor|ula_fp:FPALUUnit|add_sub:add1|add_sub_altfp_add_sub_9vm:add_sub_altfp_add_sub_9vm_component|lpm_add_sub:man_res_rounding_add_sub_upper1" CBX_FILE_NAME="add_sub_6jf.tdf"/>
		<CBX_INST_ENTRY INSTANCE_NAME="|TopDE|MIPS:Processor|ula_fp:FPALUUnit|add_sub:sub1|add_sub_altfp_add_sub_9vm:add_sub_altfp_add_sub_9vm_component|lpm_add_sub:add_sub4" CBX_FILE_NAME="add_sub_nqe.tdf"/>
		<CBX_INST_ENTRY INSTANCE_NAME="|TopDE|MIPS:Processor|ula_fp:FPALUUnit|c_eq_s:c_eq1|c_eq_s_altfp_compare_f3b:c_eq_s_altfp_compare_f3b_component|lpm_compare:cmpr1" CBX_FILE_NAME="cmpr_nrg.tdf"/>
		<CBX_INST_ENTRY INSTANCE_NAME="|TopDE|MIPS:Processor|ula_fp:FPALUUnit|sqrt_s:sqrt1|sqrt_s_altfp_sqrt_ece:sqrt_s_altfp_sqrt_ece_component|sqrt_s_alt_sqrt_block_kfb:alt_sqrt_block2|lpm_add_sub:add_sub25" CBX_FILE_NAME="add_sub_vid.tdf"/>
		<CBX_INST_ENTRY INSTANCE_NAME="|TopDE|MIPS:Processor|ula_fp:FPALUUnit|add_sub:sub1|add_sub_altfp_add_sub_9vm:add_sub_altfp_add_sub_9vm_component|lpm_add_sub:add_sub5" CBX_FILE_NAME="add_sub_2lj.tdf"/>
		<CBX_INST_ENTRY INSTANCE_NAME="|TopDE|MIPS:Processor|ula_fp:FPALUUnit|add_sub:sub1|add_sub_altfp_add_sub_9vm:add_sub_altfp_add_sub_9vm_component|lpm_add_sub:man_res_rounding_add_sub_upper1" CBX_FILE_NAME="add_sub_6jf.tdf"/>
		<CBX_INST_ENTRY INSTANCE_NAME="|TopDE|MIPS:Processor|ula_fp:FPALUUnit|c_eq_s:c_eq1|c_eq_s_altfp_compare_f3b:c_eq_s_altfp_compare_f3b_component|lpm_compare:cmpr2" CBX_FILE_NAME="cmpr_nrg.tdf"/>
		<CBX_INST_ENTRY INSTANCE_NAME="|TopDE|MIPS:Processor|ula_fp:FPALUUnit|div_s:div1|div_s_altfp_div_vtj:div_s_altfp_div_vtj_component|div_s_altfp_div_pst_75h:altfp_div_pst1|lpm_add_sub:quotient_process" CBX_FILE_NAME="add_sub_vdf.tdf"/>
		<CBX_INST_ENTRY INSTANCE_NAME="|TopDE|MIPS:Processor|ula_fp:FPALUUnit|div_s:div1|div_s_altfp_div_vtj:div_s_altfp_div_vtj_component|div_s_altfp_div_pst_75h:altfp_div_pst1|lpm_mult:remainder_mult_0" CBX_FILE_NAME="mult_l8s.tdf"/>
		<CBX_INST_ENTRY INSTANCE_NAME="|TopDE|MIPS:Processor|ula_fp:FPALUUnit|sqrt_s:sqrt1|sqrt_s_altfp_sqrt_ece:sqrt_s_altfp_sqrt_ece_component|sqrt_s_alt_sqrt_block_kfb:alt_sqrt_block2|lpm_add_sub:add_sub26" CBX_FILE_NAME="add_sub_0jd.tdf"/>
		<CBX_INST_ENTRY INSTANCE_NAME="|TopDE|MIPS:Processor|ula_fp:FPALUUnit|add_sub:sub1|add_sub_altfp_add_sub_9vm:add_sub_altfp_add_sub_9vm_component|lpm_add_sub:add_sub6" CBX_FILE_NAME="add_sub_nqe.tdf"/>
		<CBX_INST_ENTRY INSTANCE_NAME="|TopDE|MIPS:Processor|ula_fp:FPALUUnit|add_sub:sub1|add_sub_altfp_add_sub_9vm:add_sub_altfp_add_sub_9vm_component|lpm_add_sub:man_add_sub_upper0" CBX_FILE_NAME="add_sub_7vi.tdf"/>
		<CBX_INST_ENTRY INSTANCE_NAME="|TopDE|MIPS:Processor|ula_fp:FPALUUnit|c_eq_s:c_eq1|c_eq_s_altfp_compare_f3b:c_eq_s_altfp_compare_f3b_component|lpm_compare:cmpr3" CBX_FILE_NAME="cmpr_nrg.tdf"/>
		<CBX_INST_ENTRY INSTANCE_NAME="|TopDE|MIPS:Processor|ula_fp:FPALUUnit|mul_s:mul1|mul_s_altfp_mult_64m:mul_s_altfp_mult_64m_component|lpm_add_sub:exp_add_adder" CBX_FILE_NAME="add_sub_6ce.tdf"/>
		<CBX_INST_ENTRY INSTANCE_NAME="|TopDE|MIPS:Processor|ula_fp:FPALUUnit|sqrt_s:sqrt1|sqrt_s_altfp_sqrt_ece:sqrt_s_altfp_sqrt_ece_component|sqrt_s_alt_sqrt_block_kfb:alt_sqrt_block2|lpm_add_sub:add_sub27" CBX_FILE_NAME="add_sub_1jd.tdf"/>
		<CBX_INST_ENTRY INSTANCE_NAME="|TopDE|MIPS:Processor|ula_fp:FPALUUnit|add_sub:sub1|add_sub_altfp_add_sub_9vm:add_sub_altfp_add_sub_9vm_component|lpm_add_sub:man_add_sub_upper1" CBX_FILE_NAME="add_sub_7vi.tdf"/>
		<CBX_INST_ENTRY INSTANCE_NAME="|TopDE|MIPS:Processor|ula_fp:FPALUUnit|c_eq_s:c_eq1|c_eq_s_altfp_compare_f3b:c_eq_s_altfp_compare_f3b_component|lpm_compare:cmpr4" CBX_FILE_NAME="cmpr_mrg.tdf"/>
		<CBX_INST_ENTRY INSTANCE_NAME="|TopDE|MIPS:Processor|ula_fp:FPALUUnit|sqrt_s:sqrt1|sqrt_s_altfp_sqrt_ece:sqrt_s_altfp_sqrt_ece_component|sqrt_s_alt_sqrt_block_kfb:alt_sqrt_block2|lpm_add_sub:add_sub28" CBX_FILE_NAME="add_sub_2jd.tdf"/>
		<CBX_INST_ENTRY INSTANCE_NAME="|TopDE|MIPS:Processor|lpm_mult:Mult0" CBX_FILE_NAME="mult_dct.tdf"/>
		<CBX_INST_ENTRY INSTANCE_NAME="|TopDE|MIPS:Processor|ula_fp:FPALUUnit|div_s:div1|div_s_altfp_div_vtj:div_s_altfp_div_vtj_component|div_s_altfp_div_pst_75h:altfp_div_pst1|lpm_add_sub:bias_addition" CBX_FILE_NAME="add_sub_iki.tdf"/>
		<CBX_INST_ENTRY INSTANCE_NAME="|TopDE|MIPS:Processor|ula_fp:FPALUUnit|add_sub:add1|add_sub_altfp_add_sub_9vm:add_sub_altfp_add_sub_9vm_component|lpm_add_sub:man_2comp_res_lower" CBX_FILE_NAME="add_sub_2ej.tdf"/>
		<CBX_INST_ENTRY INSTANCE_NAME="|TopDE|MIPS:Processor|ula_fp:FPALUUnit|c_lt_s:c_lt1|c_lt_s_altfp_compare_m3b:c_lt_s_altfp_compare_m3b_component|lpm_compare:cmpr1" CBX_FILE_NAME="cmpr_nrg.tdf"/>
		<CBX_INST_ENTRY INSTANCE_NAME="|TopDE|MIPS:Processor|ula_fp:FPALUUnit|add_sub:sub1|add_sub_altfp_add_sub_9vm:add_sub_altfp_add_sub_9vm_component|lpm_add_sub:man_2comp_res_lower" CBX_FILE_NAME="add_sub_2ej.tdf"/>
		<CBX_INST_ENTRY INSTANCE_NAME="|TopDE|MIPS:Processor|ula_fp:FPALUUnit|c_lt_s:c_lt1|c_lt_s_altfp_compare_m3b:c_lt_s_altfp_compare_m3b_component|lpm_compare:cmpr2" CBX_FILE_NAME="cmpr_nrg.tdf"/>
		<CBX_INST_ENTRY INSTANCE_NAME="|TopDE|VgaAdapterInterface:VGAAI0|VgaAdapter:VGAAd0|MemoryVGA:memVGA|altsyncram:altsyncram_component" CBX_FILE_NAME="altsyncram_1c92.tdf"/>
		<CBX_INST_ENTRY INSTANCE_NAME="|TopDE|MIPS:Processor|ula_fp:FPALUUnit|c_lt_s:c_lt1|c_lt_s_altfp_compare_m3b:c_lt_s_altfp_compare_m3b_component|lpm_compare:cmpr3" CBX_FILE_NAME="cmpr_nrg.tdf"/>
		<CBX_INST_ENTRY INSTANCE_NAME="|TopDE|MIPS:Processor|ula_fp:FPALUUnit|cvt_w_s:cvt_w_s1|cvt_w_s_altfp_convert_a4p:cvt_w_s_altfp_convert_a4p_component|lpm_add_sub:add_sub8" CBX_FILE_NAME="add_sub_gbf.tdf"/>
		<CBX_INST_ENTRY INSTANCE_NAME="|TopDE|MIPS:Processor|ula_fp:FPALUUnit|cvt_w_s:cvt_w_s1|cvt_w_s_altfp_convert_a4p:cvt_w_s_altfp_convert_a4p_component|lpm_compare:cmpr3" CBX_FILE_NAME="cmpr_khg.tdf"/>
		<CBX_INST_ENTRY INSTANCE_NAME="|TopDE|MIPS:Processor|ula_fp:FPALUUnit|mul_s:mul1|mul_s_altfp_mult_64m:mul_s_altfp_mult_64m_component|lpm_add_sub:exp_adj_adder" CBX_FILE_NAME="add_sub_gna.tdf"/>
		<CBX_INST_ENTRY INSTANCE_NAME="|TopDE|MIPS:Processor|ula_fp:FPALUUnit|mul_s:mul1|mul_s_altfp_mult_64m:mul_s_altfp_mult_64m_component|lpm_add_sub:exp_bias_subtr" CBX_FILE_NAME="add_sub_egg.tdf"/>
		<CBX_INST_ENTRY INSTANCE_NAME="|TopDE|MIPS:Processor|ula_fp:FPALUUnit|add_sub:add1|add_sub_altfp_add_sub_9vm:add_sub_altfp_add_sub_9vm_component|lpm_add_sub:man_2comp_res_upper0" CBX_FILE_NAME="add_sub_7vi.tdf"/>
		<CBX_INST_ENTRY INSTANCE_NAME="|TopDE|MIPS:Processor|ula_fp:FPALUUnit|c_lt_s:c_lt1|c_lt_s_altfp_compare_m3b:c_lt_s_altfp_compare_m3b_component|lpm_compare:cmpr4" CBX_FILE_NAME="cmpr_mrg.tdf"/>
		<CBX_INST_ENTRY INSTANCE_NAME="|TopDE|MIPS:Processor|ula_fp:FPALUUnit|cvt_w_s:cvt_w_s1|cvt_w_s_altfp_convert_a4p:cvt_w_s_altfp_convert_a4p_component|lpm_add_sub:add_sub9" CBX_FILE_NAME="add_sub_mse.tdf"/>
		<CBX_INST_ENTRY INSTANCE_NAME="|TopDE|MIPS:Processor|ula_fp:FPALUUnit|div_s:div1|div_s_altfp_div_vtj:div_s_altfp_div_vtj_component|div_s_altfp_div_pst_75h:altfp_div_pst1|lpm_add_sub:remainder_sub_0" CBX_FILE_NAME="add_sub_74f.tdf"/>
		<CBX_INST_ENTRY INSTANCE_NAME="|TopDE|MIPS:Processor|Memory:MemRAM|SysDataBlock:SDataMem|altsyncram:altsyncram_component" CBX_FILE_NAME="altsyncram_r6l1.tdf"/>
		<CBX_INST_ENTRY INSTANCE_NAME="|TopDE|MIPS:Processor|ula_fp:FPALUUnit|add_sub:add1|add_sub_altfp_add_sub_9vm:add_sub_altfp_add_sub_9vm_component|lpm_add_sub:man_2comp_res_upper1" CBX_FILE_NAME="add_sub_7vi.tdf"/>
		<CBX_INST_ENTRY INSTANCE_NAME="|TopDE|MIPS:Processor|ula_fp:FPALUUnit|add_sub:sub1|add_sub_altfp_add_sub_9vm:add_sub_altfp_add_sub_9vm_component|lpm_add_sub:man_2comp_res_upper0" CBX_FILE_NAME="add_sub_7vi.tdf"/>
		<CBX_INST_ENTRY INSTANCE_NAME="|TopDE|MIPS:Processor|ula_fp:FPALUUnit|c_le_s:c_le1|c_le_s_altfp_compare_r6b:c_le_s_altfp_compare_r6b_component|lpm_compare:cmpr1" CBX_FILE_NAME="cmpr_nrg.tdf"/>
		<CBX_INST_ENTRY INSTANCE_NAME="|TopDE|MIPS:Processor|ula_fp:FPALUUnit|sqrt_s:sqrt1|sqrt_s_altfp_sqrt_ece:sqrt_s_altfp_sqrt_ece_component|sqrt_s_alt_sqrt_block_kfb:alt_sqrt_block2|lpm_add_sub:add_sub10" CBX_FILE_NAME="add_sub_chd.tdf"/>
		<CBX_INST_ENTRY INSTANCE_NAME="|TopDE|MIPS:Processor|ula_fp:FPALUUnit|sqrt_s:sqrt1|sqrt_s_altfp_sqrt_ece:sqrt_s_altfp_sqrt_ece_component|sqrt_s_alt_sqrt_block_kfb:alt_sqrt_block2|lpm_add_sub:add_sub11" CBX_FILE_NAME="add_sub_kid.tdf"/>
		<CBX_INST_ENTRY INSTANCE_NAME="|TopDE|MIPS:Processor|Memory:MemRAM|SysCodeBlock:SCodeMem|altsyncram:altsyncram_component" CBX_FILE_NAME="altsyncram_37l1.tdf"/>
		<CBX_INST_ENTRY INSTANCE_NAME="|TopDE|MIPS:Processor|ula_fp:FPALUUnit|add_sub:add1|add_sub_altfp_add_sub_9vm:add_sub_altfp_add_sub_9vm_component|altshift_taps:man_res_is_not_zero_dffe31_rtl_0" CBX_FILE_NAME="shift_taps_ejp.tdf"/>
		<CBX_INST_ENTRY INSTANCE_NAME="|TopDE|MIPS:Processor|ula_fp:FPALUUnit|add_sub:add1|add_sub_altfp_add_sub_9vm:add_sub_altfp_add_sub_9vm_component|lpm_add_sub:add_sub1" CBX_FILE_NAME="add_sub_ore.tdf"/>
		<CBX_INST_ENTRY INSTANCE_NAME="|TopDE|MIPS:Processor|ula_fp:FPALUUnit|cvt_w_s:cvt_w_s1|cvt_w_s_altfp_convert_a4p:cvt_w_s_altfp_convert_a4p_component|lpm_compare:max_shift_compare" CBX_FILE_NAME="cmpr_ehg.tdf"/>
		<CBX_INST_ENTRY INSTANCE_NAME="|TopDE|MIPS:Processor|ula_fp:FPALUUnit|sqrt_s:sqrt1|sqrt_s_altfp_sqrt_ece:sqrt_s_altfp_sqrt_ece_component|sqrt_s_alt_sqrt_block_kfb:alt_sqrt_block2|lpm_add_sub:add_sub12" CBX_FILE_NAME="add_sub_lid.tdf"/>
		<CBX_INST_ENTRY INSTANCE_NAME="|TopDE|MIPS:Processor|ula_fp:FPALUUnit|add_sub:add1|add_sub_altfp_add_sub_9vm:add_sub_altfp_add_sub_9vm_component|lpm_add_sub:add_sub2" CBX_FILE_NAME="add_sub_ore.tdf"/>
		<CBX_INST_ENTRY INSTANCE_NAME="|TopDE|MIPS:Processor|ula_fp:FPALUUnit|add_sub:sub1|add_sub_altfp_add_sub_9vm:add_sub_altfp_add_sub_9vm_component|lpm_add_sub:man_res_rounding_add_sub_lower" CBX_FILE_NAME="add_sub_taf.tdf"/>
		<CBX_INST_ENTRY INSTANCE_NAME="|TopDE|MIPS:Processor|ula_fp:FPALUUnit|sqrt_s:sqrt1|sqrt_s_altfp_sqrt_ece:sqrt_s_altfp_sqrt_ece_component|lpm_add_sub:add_sub1" CBX_FILE_NAME="add_sub_chd.tdf"/>
		<CBX_INST_ENTRY INSTANCE_NAME="|TopDE|MIPS:Processor|ula_fp:FPALUUnit|sqrt_s:sqrt1|sqrt_s_altfp_sqrt_ece:sqrt_s_altfp_sqrt_ece_component|sqrt_s_alt_sqrt_block_kfb:alt_sqrt_block2|lpm_add_sub:add_sub13" CBX_FILE_NAME="add_sub_mid.tdf"/>
		<CBX_INST_ENTRY INSTANCE_NAME="|TopDE|MIPS:Processor|ula_fp:FPALUUnit|sqrt_s:sqrt1|sqrt_s_altfp_sqrt_ece:sqrt_s_altfp_sqrt_ece_component|sqrt_s_alt_sqrt_block_kfb:alt_sqrt_block2|lpm_add_sub:add_sub4" CBX_FILE_NAME="add_sub_6hd.tdf"/>
		<CBX_INST_ENTRY INSTANCE_NAME="|TopDE|MIPS:Processor|Memory:MemRAM|UserCodeBlock:UCodeMem|altsyncram:altsyncram_component" CBX_FILE_NAME="altsyncram_n8l1.tdf"/>
		<CBX_INST_ENTRY INSTANCE_NAME="|TopDE|MIPS:Processor|ula_fp:FPALUUnit|add_sub:add1|add_sub_altfp_add_sub_9vm:add_sub_altfp_add_sub_9vm_component|lpm_add_sub:add_sub3" CBX_FILE_NAME="add_sub_lre.tdf"/>
		<CBX_INST_ENTRY INSTANCE_NAME="|TopDE|MIPS:Processor|ula_fp:FPALUUnit|add_sub:add1|add_sub_altfp_add_sub_9vm:add_sub_altfp_add_sub_9vm_component|lpm_add_sub:man_add_sub_lower" CBX_FILE_NAME="add_sub_2ej.tdf"/>
		<CBX_INST_ENTRY INSTANCE_NAME="|TopDE|MIPS:Processor|ula_fp:FPALUUnit|sqrt_s:sqrt1|sqrt_s_altfp_sqrt_ece:sqrt_s_altfp_sqrt_ece_component|sqrt_s_alt_sqrt_block_kfb:alt_sqrt_block2|lpm_add_sub:add_sub14" CBX_FILE_NAME="add_sub_nid.tdf"/>
		<CBX_INST_ENTRY INSTANCE_NAME="|TopDE|MIPS:Processor|ula_fp:FPALUUnit|sqrt_s:sqrt1|sqrt_s_altfp_sqrt_ece:sqrt_s_altfp_sqrt_ece_component|sqrt_s_alt_sqrt_block_kfb:alt_sqrt_block2|lpm_add_sub:add_sub5" CBX_FILE_NAME="add_sub_7hd.tdf"/>
		<CBX_INST_ENTRY INSTANCE_NAME="|TopDE|MIPS:Processor|ula_fp:FPALUUnit|add_sub:add1|add_sub_altfp_add_sub_9vm:add_sub_altfp_add_sub_9vm_component|lpm_add_sub:add_sub4" CBX_FILE_NAME="add_sub_nqe.tdf"/>
		<CBX_INST_ENTRY INSTANCE_NAME="|TopDE|MIPS:Processor|ula_fp:FPALUUnit|add_sub:add1|add_sub_altfp_add_sub_9vm:add_sub_altfp_add_sub_9vm_component|lpm_compare:trailing_zeros_limit_comparator" CBX_FILE_NAME="cmpr_aag.tdf"/>
		<CBX_INST_ENTRY INSTANCE_NAME="|TopDE|MIPS:Processor|ula_fp:FPALUUnit|add_sub:sub1|add_sub_altfp_add_sub_9vm:add_sub_altfp_add_sub_9vm_component|lpm_add_sub:man_add_sub_lower" CBX_FILE_NAME="add_sub_2ej.tdf"/>
		<CBX_INST_ENTRY INSTANCE_NAME="|TopDE|MIPS:Processor|ula_fp:FPALUUnit|cvt_s_w:cvt_s_w1|cvt_s_w_altfp_convert_3tm:cvt_s_w_altfp_convert_3tm_component|lpm_add_sub:add_sub1" CBX_FILE_NAME="add_sub_jse.tdf"/>
		<CBX_INST_ENTRY INSTANCE_NAME="|TopDE|MIPS:Processor|ula_fp:FPALUUnit|div_s:div1|div_s_altfp_div_vtj:div_s_altfp_div_vtj_component|div_s_altfp_div_pst_75h:altfp_div_pst1|altsyncram:altsyncram3" CBX_FILE_NAME="altsyncram_bas.tdf"/>
		<CBX_INST_ENTRY INSTANCE_NAME="|TopDE|MIPS:Processor|ula_fp:FPALUUnit|sqrt_s:sqrt1|sqrt_s_altfp_sqrt_ece:sqrt_s_altfp_sqrt_ece_component|lpm_add_sub:add_sub3" CBX_FILE_NAME="add_sub_1jd.tdf"/>
		<CBX_INST_ENTRY INSTANCE_NAME="|TopDE|MIPS:Processor|ula_fp:FPALUUnit|sqrt_s:sqrt1|sqrt_s_altfp_sqrt_ece:sqrt_s_altfp_sqrt_ece_component|sqrt_s_alt_sqrt_block_kfb:alt_sqrt_block2|lpm_add_sub:add_sub15" CBX_FILE_NAME="add_sub_oid.tdf"/>
		<CBX_INST_ENTRY INSTANCE_NAME="|TopDE|MIPS:Processor|ula_fp:FPALUUnit|sqrt_s:sqrt1|sqrt_s_altfp_sqrt_ece:sqrt_s_altfp_sqrt_ece_component|sqrt_s_alt_sqrt_block_kfb:alt_sqrt_block2|lpm_add_sub:add_sub6" CBX_FILE_NAME="add_sub_8hd.tdf"/>
		<CBX_INST_ENTRY INSTANCE_NAME="|TopDE|MIPS:Processor|ula_fp:FPALUUnit|add_sub:add1|add_sub_altfp_add_sub_9vm:add_sub_altfp_add_sub_9vm_component|lpm_add_sub:add_sub5" CBX_FILE_NAME="add_sub_2lj.tdf"/>
		<CBX_INST_ENTRY INSTANCE_NAME="|TopDE|MIPS:Processor|ula_fp:FPALUUnit|add_sub:sub1|add_sub_altfp_add_sub_9vm:add_sub_altfp_add_sub_9vm_component|lpm_compare:trailing_zeros_limit_comparator" CBX_FILE_NAME="cmpr_aag.tdf"/>
		<CBX_INST_ENTRY INSTANCE_NAME="|TopDE|MIPS:Processor|ula_fp:FPALUUnit|div_s:div1|div_s_altfp_div_vtj:div_s_altfp_div_vtj_component|div_s_altfp_div_pst_75h:altfp_div_pst1|lpm_add_sub:exp_sub" CBX_FILE_NAME="add_sub_voh.tdf"/>
		<CBX_INST_ENTRY INSTANCE_NAME="|TopDE|MIPS:Processor|ula_fp:FPALUUnit|div_s:div1|div_s_altfp_div_vtj:div_s_altfp_div_vtj_component|div_s_altfp_div_pst_75h:altfp_div_pst1|lpm_mult:a1_prod" CBX_FILE_NAME="mult_g8s.tdf"/>
		<CBX_INST_ENTRY INSTANCE_NAME="|TopDE|MIPS:Processor|ula_fp:FPALUUnit|mul_s:mul1|mul_s_altfp_mult_64m:mul_s_altfp_mult_64m_component|lpm_add_sub:man_round_adder" CBX_FILE_NAME="add_sub_7pb.tdf"/>
		<CBX_INST_ENTRY INSTANCE_NAME="|TopDE|MIPS:Processor|ula_fp:FPALUUnit|sqrt_s:sqrt1|sqrt_s_altfp_sqrt_ece:sqrt_s_altfp_sqrt_ece_component|sqrt_s_alt_sqrt_block_kfb:alt_sqrt_block2|lpm_add_sub:add_sub16" CBX_FILE_NAME="add_sub_oid.tdf"/>
		<CBX_INST_ENTRY INSTANCE_NAME="|TopDE|MIPS:Processor|ula_fp:FPALUUnit|sqrt_s:sqrt1|sqrt_s_altfp_sqrt_ece:sqrt_s_altfp_sqrt_ece_component|sqrt_s_alt_sqrt_block_kfb:alt_sqrt_block2|lpm_add_sub:add_sub7" CBX_FILE_NAME="add_sub_9hd.tdf"/>
		<CBX_INST_ENTRY INSTANCE_NAME="|TopDE|MIPS:Processor|ula_fp:FPALUUnit|add_sub:add1|add_sub_altfp_add_sub_9vm:add_sub_altfp_add_sub_9vm_component|lpm_add_sub:add_sub6" CBX_FILE_NAME="add_sub_nqe.tdf"/>
		<CBX_INST_ENTRY INSTANCE_NAME="|TopDE|MIPS:Processor|ula_fp:FPALUUnit|add_sub:add1|add_sub_altfp_add_sub_9vm:add_sub_altfp_add_sub_9vm_component|lpm_add_sub:man_add_sub_upper0" CBX_FILE_NAME="add_sub_7vi.tdf"/>
		<CBX_INST_ENTRY INSTANCE_NAME="|TopDE|MIPS:Processor|ula_fp:FPALUUnit|cvt_s_w:cvt_s_w1|cvt_s_w_altfp_convert_3tm:cvt_s_w_altfp_convert_3tm_component|lpm_add_sub:add_sub3" CBX_FILE_NAME="add_sub_8se.tdf"/>
		<CBX_INST_ENTRY INSTANCE_NAME="|TopDE|MIPS:Processor|ula_fp:FPALUUnit|div_s:div1|div_s_altfp_div_vtj:div_s_altfp_div_vtj_component|div_s_altfp_div_pst_75h:altfp_div_pst1|lpm_mult:b1_prod" CBX_FILE_NAME="mult_e8s.tdf"/>
		<CBX_INST_ENTRY INSTANCE_NAME="|TopDE|MIPS:Processor|ula_fp:FPALUUnit|sqrt_s:sqrt1|sqrt_s_altfp_sqrt_ece:sqrt_s_altfp_sqrt_ece_component|sqrt_s_alt_sqrt_block_kfb:alt_sqrt_block2|lpm_add_sub:add_sub17" CBX_FILE_NAME="add_sub_nid.tdf"/>
		<CBX_INST_ENTRY INSTANCE_NAME="|TopDE|MIPS:Processor|ula_fp:FPALUUnit|sqrt_s:sqrt1|sqrt_s_altfp_sqrt_ece:sqrt_s_altfp_sqrt_ece_component|sqrt_s_alt_sqrt_block_kfb:alt_sqrt_block2|lpm_add_sub:add_sub8" CBX_FILE_NAME="add_sub_ahd.tdf"/>
		<CBX_INST_ENTRY INSTANCE_NAME="|TopDE|MIPS:Processor|ALU:ALU0|lpm_divide:Div0" CBX_FILE_NAME="lpm_divide_nto.tdf"/>
		<CBX_INST_ENTRY INSTANCE_NAME="|TopDE|MIPS:Processor|ula_fp:FPALUUnit|add_sub:add1|add_sub_altfp_add_sub_9vm:add_sub_altfp_add_sub_9vm_component|lpm_add_sub:man_add_sub_upper1" CBX_FILE_NAME="add_sub_7vi.tdf"/>
		<CBX_INST_ENTRY INSTANCE_NAME="|TopDE|MIPS:Processor|ula_fp:FPALUUnit|sqrt_s:sqrt1|sqrt_s_altfp_sqrt_ece:sqrt_s_altfp_sqrt_ece_component|sqrt_s_alt_sqrt_block_kfb:alt_sqrt_block2|lpm_add_sub:add_sub18" CBX_FILE_NAME="add_sub_oid.tdf"/>
		<CBX_INST_ENTRY INSTANCE_NAME="|TopDE|MIPS:Processor|ula_fp:FPALUUnit|sqrt_s:sqrt1|sqrt_s_altfp_sqrt_ece:sqrt_s_altfp_sqrt_ece_component|sqrt_s_alt_sqrt_block_kfb:alt_sqrt_block2|lpm_add_sub:add_sub9" CBX_FILE_NAME="add_sub_bhd.tdf"/>
		<CBX_INST_ENTRY INSTANCE_NAME="|TopDE|MIPS:Processor|ALU:ALU0|lpm_divide:Div1" CBX_FILE_NAME="lpm_divide_vfm.tdf"/>
		<CBX_INST_ENTRY INSTANCE_NAME="|TopDE|MIPS:Processor|ula_fp:FPALUUnit|div_s:div1|div_s_altfp_div_vtj:div_s_altfp_div_vtj_component|div_s_altfp_div_pst_75h:altfp_div_pst1|lpm_compare:cmpr2" CBX_FILE_NAME="cmpr_1jg.tdf"/>
		<CBX_INST_ENTRY INSTANCE_NAME="|TopDE|MIPS:Processor|ula_fp:FPALUUnit|sqrt_s:sqrt1|sqrt_s_altfp_sqrt_ece:sqrt_s_altfp_sqrt_ece_component|sqrt_s_alt_sqrt_block_kfb:alt_sqrt_block2|lpm_add_sub:add_sub19" CBX_FILE_NAME="add_sub_pid.tdf"/>
		<CBX_INST_ENTRY INSTANCE_NAME="|TopDE|MIPS:Processor|ula_fp:FPALUUnit|cvt_s_w:cvt_s_w1|cvt_s_w_altfp_convert_3tm:cvt_s_w_altfp_convert_3tm_component|lpm_add_sub:add_sub6" CBX_FILE_NAME="add_sub_dbf.tdf"/>
		<CBX_INST_ENTRY INSTANCE_NAME="|TopDE|MIPS:Processor|ula_fp:FPALUUnit|cvt_w_s:cvt_w_s1|cvt_w_s_altfp_convert_a4p:cvt_w_s_altfp_convert_a4p_component|lpm_add_sub:add_sub4" CBX_FILE_NAME="add_sub_8se.tdf"/>
		<CBX_INST_ENTRY INSTANCE_NAME="|TopDE|MIPS:Processor|ula_fp:FPALUUnit|div_s:div1|div_s_altfp_div_vtj:div_s_altfp_div_vtj_component|div_s_altfp_div_pst_75h:altfp_div_pst1|altshift_taps:exp_result_dffe_0_rtl_0" CBX_FILE_NAME="shift_taps_bjp.tdf"/>
		<CBX_INST_ENTRY INSTANCE_NAME="|TopDE|MIPS:Processor|ula_fp:FPALUUnit|cvt_s_w:cvt_s_w1|cvt_s_w_altfp_convert_3tm:cvt_s_w_altfp_convert_3tm_component|lpm_add_sub:add_sub7" CBX_FILE_NAME="add_sub_dbf.tdf"/>
		<CBX_INST_ENTRY INSTANCE_NAME="|TopDE|MIPS:Processor|ula_fp:FPALUUnit|cvt_w_s:cvt_w_s1|cvt_w_s_altfp_convert_a4p:cvt_w_s_altfp_convert_a4p_component|lpm_add_sub:add_sub5" CBX_FILE_NAME="add_sub_5re.tdf"/>
		<CBX_INST_ENTRY INSTANCE_NAME="|TopDE|MIPS:Processor|ula_fp:FPALUUnit|cvt_s_w:cvt_s_w1|cvt_s_w_altfp_convert_3tm:cvt_s_w_altfp_convert_3tm_component|lpm_add_sub:add_sub8" CBX_FILE_NAME="add_sub_7re.tdf"/>
		<CBX_INST_ENTRY INSTANCE_NAME="|TopDE|MIPS:Processor|ula_fp:FPALUUnit|cvt_w_s:cvt_w_s1|cvt_w_s_altfp_convert_a4p:cvt_w_s_altfp_convert_a4p_component|lpm_compare:cmpr1" CBX_FILE_NAME="cmpr_nrg.tdf"/>
		<CBX_INST_ENTRY INSTANCE_NAME="|TopDE|MIPS:Processor|ula_fp:FPALUUnit|div_s:div1|div_s_altfp_div_vtj:div_s_altfp_div_vtj_component|div_s_altfp_div_pst_75h:altfp_div_pst1|lpm_mult:q_partial_0" CBX_FILE_NAME="mult_n8s.tdf"/>
		<CBX_INST_ENTRY INSTANCE_NAME="|TopDE|MIPS:Processor|ula_fp:FPALUUnit|cvt_s_w:cvt_s_w1|cvt_s_w_altfp_convert_3tm:cvt_s_w_altfp_convert_3tm_component|lpm_compare:cmpr4" CBX_FILE_NAME="cmpr_khg.tdf"/>
		<CBX_INST_ENTRY INSTANCE_NAME="|TopDE|MIPS:Processor|ula_fp:FPALUUnit|cvt_w_s:cvt_w_s1|cvt_w_s_altfp_convert_a4p:cvt_w_s_altfp_convert_a4p_component|lpm_add_sub:add_sub7" CBX_FILE_NAME="add_sub_ebf.tdf"/>
		<CBX_INST_ENTRY INSTANCE_NAME="|TopDE|MIPS:Processor|ula_fp:FPALUUnit|cvt_w_s:cvt_w_s1|cvt_w_s_altfp_convert_a4p:cvt_w_s_altfp_convert_a4p_component|lpm_compare:cmpr2" CBX_FILE_NAME="cmpr_dhg.tdf"/>
		<CBX_INST_ENTRY INSTANCE_NAME="|TopDE|MIPS:Processor|ula_fp:FPALUUnit|div_s:div1|div_s_altfp_div_vtj:div_s_altfp_div_vtj_component|div_s_altfp_div_pst_75h:altfp_div_pst1|altshift_taps:sign_pipe_dffe_0_rtl_0" CBX_FILE_NAME="shift_taps_0ip.tdf"/>
		<CBX_INST_ENTRY INSTANCE_NAME="|TopDE|MIPS:Processor|ula_fp:FPALUUnit|div_s:div1|div_s_altfp_div_vtj:div_s_altfp_div_vtj_component|div_s_altfp_div_pst_75h:altfp_div_pst1|lpm_mult:q_partial_1" CBX_FILE_NAME="mult_n8s.tdf"/>
	</PROJECT>
</LOG_ROOT>
